{
  "marketing_stripe": {
    "text": "Aproveite nossos descontos de até 40%!",
    "link": "/promotion"
  },
  "contacts_stripe": {
    "pages": [
      {
        "title": "Esta loja é um PWA",
        "link": "/posts/esta-loja-e-um-pwa"
      },
      {}
    ],
    "phone_wpp": true,
    "socials": true
  },
  "categories_list": {
    "featured": [
      "/windows?Windows",
      "/sistemas?Sistemas",
      "/corel?Corel",
      "/office?Office"
    ],
    "random": 6,
    "full_width": true
  },
  "desktop_megamenu": true,
  "search_input": true,
  "alphabetical_order_submenu": true,
  "full_width_submenu": true
}